City_ID,City,Country,Lat,Lng,Max Temp,Humidity,Cloudiness,Wind Speed,Current Description
0,Rikitea,PF,-23.12,-134.97,71.64,85,54,19.82,broken clouds
1,Xining,CN,36.62,101.77,36.36,59,0,1.12,clear sky
2,Isangel,VU,-19.55,169.27,77.0,81,9,4.09,clear sky
3,Alice Springs,AU,-23.7,133.88,69.8,14,90,5.82,overcast clouds
4,Hasaki,JP,35.73,140.83,51.8,100,75,1.12,broken clouds
5,Qaanaaq,GL,77.48,-69.36,-6.5,74,73,9.75,broken clouds
6,Pangnirtung,CA,66.15,-65.71,17.6,61,90,2.24,overcast clouds
7,Ushuaia,AR,-54.8,-68.3,51.8,40,20,9.17,few clouds
8,Jacareacanga,BR,-6.22,-57.75,96.64,38,100,3.51,moderate rain
9,Ola,RU,59.58,151.28,8.96,85,90,9.46,overcast clouds
10,Souillac,MU,-20.52,57.52,73.4,73,75,9.17,broken clouds
11,Kapaa,US,22.08,-159.32,71.6,100,75,5.82,broken clouds
12,Vaini,TO,-21.2,-175.2,73.4,83,75,4.7,broken clouds
13,Gweta,BW,-20.18,25.23,95.59,20,65,9.82,broken clouds
14,Ruteng,ID,-8.61,120.47,64.04,99,49,1.7,scattered clouds
15,New Norfolk,AU,-42.78,147.06,44.6,56,22,8.05,few clouds
16,Tres Palos,MX,18.18,-101.62,82.4,74,40,2.71,scattered clouds
17,Flinders,AU,-34.58,150.86,59.0,86,85,1.01,overcast clouds
18,Batagay,RU,67.63,134.63,-26.18,83,0,1.03,clear sky
19,Halmstad,SE,56.67,12.86,53.01,93,20,6.93,few clouds
20,Bluff,NZ,-46.6,168.33,47.17,86,10,11.01,clear sky
21,Cape Town,ZA,-33.93,18.42,66.0,87,75,9.17,broken clouds
22,Ko Samui,TH,9.54,99.94,82.69,77,0,8.23,clear sky
23,Kaitangata,NZ,-46.28,169.85,48.0,85,23,1.99,few clouds
24,Jesup,US,31.61,-81.89,77.0,65,1,8.05,clear sky
25,Ayorou,NE,14.73,0.92,97.21,9,65,14.43,broken clouds
26,East London,ZA,-33.02,27.91,66.2,68,20,17.22,few clouds
27,Iqaluit,CA,63.75,-68.51,19.4,73,90,28.86,light snow
28,Udachnyy,RU,66.42,112.4,3.2,84,90,4.47,light snow
29,Preobrazheniye,RU,42.9,133.91,48.67,81,63,6.69,broken clouds
30,Punta Arenas,CL,-53.15,-70.92,51.8,50,40,20.8,scattered clouds
31,Terrace,CA,54.52,-128.6,28.4,92,75,3.36,fog
32,Saint-Philippe,RE,-21.36,55.77,73.4,73,90,18.34,overcast clouds
33,Jamestown,US,42.1,-79.24,61.0,62,1,12.75,clear sky
34,Mandalgovi,MN,45.76,106.27,26.44,78,0,17.74,clear sky
35,Barrow,US,71.29,-156.79,17.6,92,90,8.05,overcast clouds
36,Leningradskiy,RU,69.38,178.42,27.59,98,100,12.68,snow
37,Busselton,AU,-33.65,115.33,60.01,71,1,5.99,clear sky
38,Ossora,RU,59.24,163.07,30.0,88,90,7.25,overcast clouds
39,Georgetown,MY,5.41,100.34,80.6,83,20,5.82,light rain
40,Hilo,US,19.73,-155.09,73.4,78,90,8.05,light rain
41,Toamasina,MG,-18.17,49.38,77.0,88,40,2.24,shower rain
42,Mayo,US,38.89,-76.51,64.0,87,1,4.63,clear sky
43,Stupino,RU,54.9,38.07,42.8,70,0,13.42,clear sky
44,Grindavik,IS,63.84,-22.43,35.6,80,40,23.04,scattered clouds
45,Acapulco,MX,16.86,-99.89,80.6,74,40,6.93,scattered clouds
46,Altar,MX,30.7,-111.82,83.77,18,94,9.78,overcast clouds
47,Xiaoweizhai,CN,26.19,107.51,54.81,85,56,3.74,broken clouds
48,Aswan,EG,24.09,32.91,74.48,31,0,9.55,clear sky
49,Port Hedland,AU,-20.32,118.57,80.6,69,1,14.99,clear sky
50,Nikolskoye,RU,59.7,30.79,45.0,70,0,13.42,clear sky
51,Albany,US,42.6,-73.97,64.0,43,10,3.8,clear sky
52,Khani,GE,41.96,42.96,59.0,82,90,20.8,overcast clouds
53,Noumea,NC,-22.28,166.46,78.01,94,0,2.24,clear sky
54,Nouadhibou,MR,20.93,-17.03,84.2,42,94,6.93,overcast clouds
55,Tromso,NO,69.65,18.96,42.8,70,75,51.67,shower rain
56,Tasiilaq,GL,65.61,-37.64,26.6,53,20,4.7,few clouds
57,Avarua,CK,-21.21,-159.78,69.8,94,88,2.24,overcast clouds
58,Luderitz,NA,-26.65,15.16,63.77,69,89,10.07,overcast clouds
59,Kavieng,PG,-2.57,150.8,82.38,78,23,11.3,few clouds
60,Mount Gambier,AU,-37.83,140.77,46.4,100,40,5.82,scattered clouds
61,Bud,US,39.45,-86.18,63.0,62,1,4.7,clear sky
62,Saskylakh,RU,71.92,114.08,4.91,93,100,7.16,overcast clouds
63,Atuona,PF,-9.8,-139.03,77.81,76,59,17.94,broken clouds
64,Airai,TL,-8.93,125.41,62.82,70,0,2.1,clear sky
65,Belfort,FR,47.63,6.87,55.4,66,0,8.05,clear sky
66,Chuy,UY,-33.7,-53.46,70.79,67,35,14.97,light rain
67,Sabha,LY,27.04,14.43,72.46,28,47,8.16,scattered clouds
68,Puerto Ayora,EC,-0.74,-90.35,73.4,78,75,19.46,broken clouds
69,Bredasdorp,ZA,-34.53,20.04,62.6,59,100,11.41,overcast clouds
70,Tigil,RU,57.8,158.67,27.39,96,99,5.23,overcast clouds
71,Tiznit,MA,29.58,-9.5,75.02,29,56,15.14,broken clouds
72,Provideniya,RU,64.38,-173.3,35.46,85,100,35.86,overcast clouds
73,Thompson,CA,55.74,-97.86,5.0,84,90,8.05,light snow
74,Eureka,US,40.8,-124.16,46.99,93,1,4.7,clear sky
75,Poum,NC,-20.23,164.02,77.47,78,0,10.54,clear sky
76,General Pico,AR,-35.66,-63.76,79.97,31,58,11.79,light rain
77,Manukan,PH,8.53,123.1,77.0,100,100,6.42,moderate rain
78,Sao Mateus,BR,-18.72,-39.86,81.68,70,83,6.58,light rain
79,Kaifeng,CN,34.79,114.35,59.0,30,0,4.47,clear sky
80,Talnakh,RU,69.49,88.4,1.4,84,0,8.95,clear sky
81,Penalva,BR,-3.29,-45.17,85.75,75,89,3.58,overcast clouds
82,Anadyr,RU,64.75,177.48,28.4,92,90,22.37,snow
83,Iguai,BR,-14.76,-40.09,72.25,91,100,1.43,overcast clouds
84,Lavrentiya,RU,65.58,-171.0,34.77,88,95,29.08,overcast clouds
85,Arlit,NE,18.74,7.39,88.63,12,6,10.45,clear sky
86,Ranong,TH,9.97,98.63,77.92,84,33,4.14,scattered clouds
87,Selenginsk,RU,52.01,106.86,24.8,62,75,22.37,light shower snow
88,Concepcion Del Oro,MX,24.63,-101.42,55.11,46,0,3.67,clear sky
89,Zhezkazgan,KZ,47.8,67.71,42.75,45,94,8.5,overcast clouds
90,San Quintin,MX,30.48,-115.95,70.38,65,2,2.68,clear sky
91,Walvis Bay,NA,-22.96,14.51,71.6,56,70,17.22,broken clouds
92,Tuni,IN,17.35,82.55,76.35,74,0,6.49,clear sky
93,Saint Johnsbury,US,44.42,-72.02,60.01,66,18,6.91,few clouds
94,Tuktoyaktuk,CA,69.45,-133.04,12.2,78,75,12.75,broken clouds
95,Constitucion,CL,-35.33,-72.42,64.18,47,0,12.77,clear sky
96,Pisco,PE,-13.7,-76.22,66.0,88,90,8.05,overcast clouds
97,Omsukchan,RU,62.53,155.8,-2.07,89,100,4.21,light snow
98,Mezen,RU,65.85,44.24,36.21,94,97,3.51,overcast clouds
99,Tiksi,RU,71.69,128.87,3.09,94,100,2.21,overcast clouds
100,Binzhou,CN,37.37,118.02,54.0,53,0,6.91,clear sky
101,Alofi,NU,-19.06,-169.92,71.6,88,92,8.05,overcast clouds
102,Carnarvon,AU,-24.87,113.63,71.6,94,75,12.75,broken clouds
103,Korla,CN,41.76,86.15,39.85,59,69,4.27,broken clouds
104,Progreso,MX,21.28,-89.67,82.0,78,75,6.93,broken clouds
105,Iturama,BR,-19.73,-50.2,90.79,25,0,5.46,clear sky
106,Gualaquiza,EC,-3.4,-78.55,83.3,44,13,4.12,light rain
107,Paita,PE,-5.09,-81.11,75.2,53,20,13.87,few clouds
108,Birao,CF,10.28,22.79,85.3,31,26,4.85,scattered clouds
109,Castro,BR,-24.79,-50.01,74.14,36,0,4.29,clear sky
110,Paraiso,CR,9.84,-83.87,69.8,100,75,1.12,drizzle
111,Vostok,RU,46.49,135.88,32.67,96,60,6.15,broken clouds
112,Faanui,PF,-16.48,-151.75,79.65,77,4,17.22,light rain
113,Guane,CU,22.2,-84.09,81.61,70,100,17.45,overcast clouds
114,Hami,CN,42.8,93.45,37.27,61,0,4.34,clear sky
115,Biltine,TD,14.53,20.92,86.56,16,0,10.56,clear sky
116,Port Alfred,ZA,-33.59,26.89,68.41,69,100,19.89,overcast clouds
117,Bubaque,GW,11.28,-15.83,84.24,72,6,9.95,clear sky
118,Ponta Do Sol,PT,32.67,-17.1,69.8,46,20,6.93,few clouds
119,Kirakira,SB,-10.45,161.92,79.14,80,96,5.48,moderate rain
120,Peniche,PT,39.36,-9.38,61.0,81,100,10.0,overcast clouds
121,Atlantic City,US,39.36,-74.42,62.6,82,1,5.23,clear sky
122,Berdigestyakh,RU,62.1,126.7,0.99,93,93,2.51,overcast clouds
123,Mataura,NZ,-46.19,168.86,39.97,95,5,2.62,clear sky
124,Belyy Yar,RU,53.6,91.39,32.0,86,100,4.47,overcast clouds
125,Arman,RU,59.7,150.17,7.83,86,100,7.18,overcast clouds
126,Gillette,US,44.29,-105.5,60.01,30,1,19.17,clear sky
127,Cherskiy,RU,68.75,161.3,13.06,95,14,16.98,few clouds
128,Hailar,CN,49.2,119.7,23.54,95,42,10.8,scattered clouds
129,Chettipalaiyam,IN,10.9,77.07,78.8,78,40,3.36,haze
130,Constantine,DZ,36.37,6.61,80.6,19,40,5.82,scattered clouds
131,Srednekolymsk,RU,67.45,153.68,7.93,94,100,14.88,overcast clouds
132,Tuatapere,NZ,-46.13,167.68,42.42,84,5,7.27,clear sky
133,Peterhead,GB,57.51,-1.8,53.01,81,7,9.17,clear sky
134,Atchison,US,39.56,-95.12,57.2,93,90,10.29,mist
135,Ilulissat,GL,69.22,-51.1,12.2,66,40,21.92,scattered clouds
136,Dali,CN,25.7,100.18,51.94,77,0,2.95,clear sky
137,Sigulda,LV,57.15,24.86,51.01,92,5,5.99,clear sky
138,Hobart,AU,-42.88,147.33,44.6,56,12,8.05,few clouds
139,Fortuna,US,40.6,-124.16,46.0,100,90,3.36,overcast clouds
140,Pevek,RU,69.7,170.31,22.46,96,100,20.56,overcast clouds
141,Hofn,IS,64.25,-15.21,41.0,65,20,24.16,shower rain
142,Victoria,HK,22.29,114.16,79.0,58,54,5.99,light rain
143,Itarema,BR,-2.92,-39.92,88.59,51,36,19.84,scattered clouds
144,Caucaia,BR,-3.74,-38.65,87.8,62,40,19.46,scattered clouds
145,Butaritari,KI,3.07,172.79,81.37,75,91,16.55,overcast clouds
146,College,US,64.86,-147.8,16.0,85,90,5.82,heavy snow
147,Bethel,US,41.37,-73.41,63.0,63,1,12.75,clear sky
148,Severomuysk,RU,56.15,113.43,3.45,94,94,4.85,overcast clouds
149,Bilma,NE,18.69,12.92,81.12,16,5,5.97,clear sky
150,San Patricio,US,28.02,-97.52,77.0,83,20,4.7,few clouds
151,Cidreira,BR,-30.18,-50.21,70.61,70,3,14.94,clear sky
152,Lebu,CL,-37.62,-73.65,56.32,64,0,21.72,clear sky
153,Los Llanos De Aridane,ES,28.66,-17.92,75.2,57,40,11.41,scattered clouds
154,General Cepeda,MX,25.38,-101.45,63.97,39,0,2.89,clear sky
155,Severo-Kurilsk,RU,50.68,156.12,35.33,81,78,22.44,broken clouds
156,Portland,US,45.52,-122.68,48.99,81,90,4.7,light rain
157,Hithadhoo,MV,-0.6,73.08,83.89,69,33,4.03,light rain
158,Padang,ID,-0.95,100.35,78.64,77,100,3.0,overcast clouds
159,Ahipara,NZ,-35.17,173.17,60.01,94,17,5.61,few clouds
160,Caraballeda,VE,10.61,-66.85,75.99,71,4,9.19,clear sky
161,Acarau,BR,-2.89,-40.12,89.22,50,63,21.16,broken clouds
162,Qom,IR,34.64,50.88,56.08,34,99,0.81,overcast clouds
163,Gazli,UZ,40.13,63.45,52.39,41,23,5.06,few clouds
164,Mar Del Plata,AR,-38.0,-57.56,75.2,47,40,5.82,scattered clouds
165,Gambela,ET,8.25,34.58,78.31,75,99,3.49,overcast clouds
166,Karatau,KZ,43.17,70.47,42.19,56,0,3.98,clear sky
167,Hermanus,ZA,-34.42,19.23,63.0,72,100,4.0,overcast clouds
168,San Severo,IT,41.69,15.38,64.4,68,75,11.41,broken clouds
169,Te Anau,NZ,-45.42,167.72,39.78,87,4,1.72,clear sky
170,Wejherowo,PL,54.61,18.24,52.0,87,90,17.22,overcast clouds
171,Makakilo City,US,21.35,-158.09,77.0,88,1,8.81,clear sky
172,Dikson,RU,73.51,80.55,-3.32,89,25,5.35,scattered clouds
173,Ilo,PE,-17.64,-71.34,66.2,72,90,8.05,overcast clouds
174,Dinghai,CN,26.28,119.79,69.8,83,75,15.66,broken clouds
175,Namibe,AO,-15.2,12.15,77.0,69,20,12.75,few clouds
176,Kodiak,US,57.79,-152.41,35.6,80,1,8.05,clear sky
177,Coquimbo,CL,-29.95,-71.34,57.2,82,90,6.93,overcast clouds
178,Yulara,AU,-25.24,130.99,71.6,23,0,5.82,clear sky
179,Celestun,MX,20.87,-90.4,82.18,73,82,14.83,broken clouds
180,Bowen,AU,-20.02,148.23,75.2,83,75,3.36,broken clouds
181,Wanaka,NZ,-44.7,169.15,41.11,67,0,4.72,clear sky
182,Sinop,TR,41.77,34.87,59.0,72,75,11.41,broken clouds
183,Piranhas,BR,-16.43,-51.82,95.85,25,3,6.2,clear sky
184,Derzhavinsk,KZ,51.1,66.32,41.2,59,61,11.07,broken clouds
185,Buraydah,SA,26.33,43.98,82.4,21,40,6.93,scattered clouds
186,Verkhnevilyuysk,RU,63.45,120.32,-1.23,91,99,4.52,overcast clouds
187,Geraldton,AU,-28.77,114.6,66.2,88,0,1.12,clear sky
188,Sioux Lookout,CA,50.1,-91.92,44.6,75,75,10.29,broken clouds
189,Upernavik,GL,72.79,-56.15,2.17,80,20,6.4,few clouds
190,Svetlyy,RU,54.67,20.13,53.6,87,75,13.42,broken clouds
191,Saint John,CA,45.27,-66.07,57.0,100,90,12.75,light intensity drizzle
192,Yankton,US,42.87,-97.4,64.0,38,1,11.41,clear sky
193,Florence,IT,43.77,11.25,68.0,45,0,3.36,clear sky
194,Villa Rica,US,33.73,-84.92,66.99,63,1,5.82,clear sky
195,Manadhoo,MV,5.77,73.38,83.75,75,57,8.25,light rain
196,Pilikwe,BW,-22.8,27.19,92.25,23,82,5.17,broken clouds
197,Codrington,AU,-38.27,141.97,48.67,83,75,10.8,broken clouds
198,Yellowknife,CA,62.46,-114.35,10.99,85,90,4.7,light snow
199,Kahului,US,20.89,-156.47,78.8,61,1,3.36,clear sky
200,Santa Marta,CO,11.24,-74.2,88.0,72,87,1.01,light rain
201,Cordoba,AR,-31.41,-64.18,82.99,27,0,13.87,clear sky
202,Kaseda,JP,31.42,130.32,69.21,92,100,8.79,overcast clouds
203,Roald,NO,62.58,6.13,50.0,87,75,24.16,shower rain
204,Amapa,BR,1.0,-52.0,89.73,54,12,7.23,few clouds
205,Kununurra,AU,-15.77,128.73,80.6,83,14,4.7,light rain
206,Tessalit,ML,20.2,1.01,91.62,11,0,14.38,clear sky
207,Monschau,DE,50.55,6.25,44.6,39,0,8.05,clear sky
208,Torbay,CA,47.67,-52.73,51.01,81,90,26.4,overcast clouds
209,Huarmey,PE,-10.07,-78.15,68.56,62,45,9.55,scattered clouds
210,Narsaq,GL,60.92,-46.05,24.8,53,75,24.16,light snow
211,Sao Felix Do Xingu,BR,-6.64,-51.99,82.89,75,100,4.52,moderate rain
212,Hobyo,SO,5.35,48.53,80.94,75,95,12.03,overcast clouds
213,Porto Novo,BJ,6.5,2.6,86.0,79,40,12.75,scattered clouds
214,Aykhal,RU,66.0,111.5,3.2,84,90,4.47,light snow
215,Gravdal,NO,68.12,13.5,46.4,65,75,27.51,broken clouds
216,Rawson,AR,-43.3,-65.1,61.2,49,0,17.13,clear sky
217,Bad Ischl,AT,47.71,13.62,48.2,81,0,4.7,clear sky
218,Sidi Ali,DZ,36.1,0.42,81.5,25,93,21.79,overcast clouds
219,Port Elizabeth,ZA,-33.92,25.57,60.8,87,75,17.22,light rain
220,Kirkuk,IQ,35.47,44.39,69.87,41,12,4.74,few clouds
221,Tura,IN,25.52,90.22,62.8,76,0,4.16,clear sky
222,Vao,NC,-22.67,167.48,75.27,85,0,12.3,clear sky
223,Sungaipenuh,ID,-2.08,101.38,66.43,94,100,0.78,light rain
224,Bosaso,SO,11.28,49.18,75.58,58,21,4.07,few clouds
225,Sur,OM,22.57,59.53,75.49,68,0,6.69,clear sky
226,Colac,AU,-38.33,143.58,48.0,92,56,6.71,broken clouds
227,Maceio,BR,-9.67,-35.74,87.8,62,40,13.87,scattered clouds
228,Hovd,MN,48.01,91.64,29.71,86,21,0.83,few clouds
229,Kidal,ML,18.44,1.41,90.91,11,0,16.89,clear sky
230,Saint-Francois,FR,46.42,3.91,60.8,72,0,2.24,clear sky
231,Mehamn,NO,71.04,27.85,39.2,86,90,25.28,moderate rain
232,Haines Junction,CA,60.75,-137.51,-5.8,83,68,1.12,broken clouds
233,Anahuac,MX,27.23,-100.15,68.0,82,5,6.93,smoke
234,Tripoli,LY,32.88,13.19,71.76,59,0,8.01,clear sky
235,Sangar,RU,63.92,127.47,-3.37,90,99,0.87,overcast clouds
236,Jiangyou,CN,31.77,104.72,59.54,56,35,1.92,light rain
237,Kudat,MY,6.88,116.85,77.0,100,20,5.7,few clouds
238,Chicama,PE,-7.84,-79.15,64.4,77,90,9.17,mist
239,Bathsheba,BB,13.22,-59.52,87.8,66,40,16.11,scattered clouds
240,Carai,BR,-17.19,-41.69,81.14,62,27,3.62,scattered clouds
241,Pacifica,US,37.61,-122.49,55.99,71,75,16.11,haze
242,Port Macquarie,AU,-31.43,152.92,55.0,86,57,1.99,broken clouds
243,Kloulklubed,PW,7.04,134.26,78.8,88,75,4.7,broken clouds
244,Meulaboh,ID,4.14,96.13,78.89,83,100,2.73,light rain
245,Tacuarembo,UY,-31.73,-55.98,75.16,54,0,10.63,clear sky
246,Khalkhal,IR,37.62,48.53,56.37,38,99,9.01,overcast clouds
247,Opuwo,NA,-18.06,13.84,88.23,13,0,20.89,clear sky
248,Olafsvik,IS,64.89,-23.71,35.96,79,100,37.18,moderate rain
249,Slave Lake,CA,55.28,-114.77,19.4,79,90,20.8,overcast clouds
250,Jackson,US,42.42,-122.83,45.0,70,75,4.7,broken clouds
251,Oussouye,SN,12.48,-16.55,91.4,66,40,6.93,scattered clouds
252,Grand Forks,US,47.94,-97.43,42.8,86,20,11.41,few clouds
253,Rockledge,US,28.35,-80.73,82.0,61,1,12.75,clear sky
254,Matagami,CA,49.75,-77.63,33.8,100,90,11.41,mist
255,Sakaiminato,JP,35.55,133.23,60.8,87,75,3.36,broken clouds
256,Esperance,AU,-33.87,121.9,53.6,76,99,11.41,overcast clouds
257,Nanyuki,KE,0.02,37.07,62.02,86,100,2.8,light rain
258,Bitung,ID,1.45,125.18,77.0,94,20,4.43,few clouds
259,Tautira,PF,-17.73,-149.15,75.2,78,20,5.82,few clouds
260,Veinticinco De Mayo,AR,-35.43,-60.17,75.0,57,64,1.99,broken clouds
261,Saint-Denis,FR,48.92,2.33,52.0,71,0,10.29,clear sky
262,Paoua,CF,7.24,16.44,81.68,49,61,1.54,broken clouds
263,Guatire,VE,10.48,-66.54,75.99,73,30,1.01,scattered clouds
264,Fairbanks,US,64.84,-147.72,16.0,92,90,1.12,snow
265,High Prairie,CA,55.43,-116.49,14.0,78,100,9.17,overcast clouds
266,Irbit,RU,57.67,63.07,42.94,86,100,9.66,overcast clouds
267,Jalu,LY,29.03,21.55,72.0,47,98,8.99,overcast clouds
268,Broager,DK,54.89,9.68,55.4,87,75,8.05,broken clouds
269,Ullapool,GB,57.9,-5.16,50.0,47,30,1.01,scattered clouds
270,Mount Isa,AU,-20.73,139.5,77.0,11,0,9.17,clear sky
271,Hirara,JP,24.8,125.28,78.94,89,0,14.38,clear sky
272,Cabatuan,PH,10.88,122.49,76.75,87,74,8.66,heavy intensity rain
273,Zhigansk,RU,66.77,123.37,-12.86,90,88,3.31,overcast clouds
274,Klaksvik,FO,62.23,-6.59,48.2,100,90,19.46,drizzle
275,Rio Cuarto,AR,-33.13,-64.35,78.01,33,40,20.8,scattered clouds
276,Pringsewu,ID,-5.36,104.97,73.81,87,92,1.72,overcast clouds
277,Saint George,US,37.1,-113.58,59.0,30,1,5.82,clear sky
278,Mecca,SA,21.43,39.83,80.28,54,31,7.56,scattered clouds
279,Ravar,IR,31.27,56.81,57.38,34,3,3.85,clear sky
280,Katsuura,JP,35.13,140.3,64.99,71,75,1.12,broken clouds
281,Port Lincoln,AU,-34.73,135.87,53.87,79,0,10.71,clear sky
282,Andenes,NO,69.31,16.12,44.6,65,75,42.5,broken clouds
283,Khatanga,RU,71.97,102.5,-4.94,91,99,1.52,overcast clouds
284,Altamira,BR,-3.2,-52.21,84.2,74,90,5.82,moderate rain
285,Farmington,US,36.73,-108.22,44.6,48,1,9.17,clear sky
286,Dunedin,NZ,-45.87,170.5,54.0,82,72,3.06,broken clouds
287,Copacabana,CO,6.35,-75.51,59.0,100,90,6.93,shower rain
288,Omboue,GA,-1.57,9.26,80.04,78,44,11.01,scattered clouds
289,Amahai,ID,-3.33,128.92,82.0,91,100,1.01,overcast clouds
290,Saint Anthony,US,45.02,-93.22,64.99,44,1,11.41,clear sky
291,Eenhana,NA,-17.47,16.33,102.2,9,0,9.17,clear sky
292,Sisimiut,GL,66.94,-53.67,16.83,85,100,15.75,overcast clouds
293,Lagoa,PT,39.05,-27.98,60.49,61,82,12.01,broken clouds
294,Kabalo,CD,-6.05,26.92,75.47,90,68,3.22,light rain
295,Moerai,PF,-22.43,-151.33,76.57,85,99,13.47,light rain
296,Palmer,US,42.16,-72.33,64.99,59,20,8.05,few clouds
297,Arraial Do Cabo,BR,-22.97,-42.03,73.4,73,75,11.41,broken clouds
298,Ucluelet,CA,48.93,-125.55,36.0,66,20,4.23,few clouds
299,Fort Nelson,CA,58.81,-122.7,-0.4,77,75,6.93,broken clouds
300,Ashington,GB,50.93,-0.39,53.6,66,0,11.41,clear sky
301,Hambantota,LK,6.12,81.12,75.2,100,40,3.36,scattered clouds
302,Ust-Tsilma,RU,65.44,52.15,36.0,97,100,2.68,overcast clouds
303,Vila Franca Do Campo,PT,37.72,-25.43,66.2,55,20,11.41,few clouds
304,Smithers,CA,54.78,-127.17,26.6,92,20,2.24,few clouds
305,Cururupu,BR,-1.83,-44.87,88.57,56,73,8.79,broken clouds
306,Mahebourg,MU,-20.41,57.7,73.4,73,75,9.17,broken clouds
307,Carnduff,CA,49.17,-101.8,47.79,69,78,8.77,broken clouds
308,Dzhebariki-Khaya,RU,62.22,135.8,-10.91,88,0,2.75,clear sky
309,Suba,PH,10.84,121.01,83.05,80,43,19.51,scattered clouds
310,Tarauaca,BR,-8.16,-70.77,97.59,37,100,3.36,overcast clouds
311,Filingue,NE,14.35,3.32,95.61,12,91,8.43,overcast clouds
312,Ginda,IN,30.69,78.49,49.19,47,0,5.37,clear sky
313,Ambilobe,MG,-13.2,49.05,78.22,72,26,1.63,scattered clouds
314,Callaway,US,30.15,-85.57,73.99,78,1,10.29,clear sky
315,Abancay,PE,-13.63,-72.88,55.4,54,40,9.17,scattered clouds
316,Gat,IL,31.61,34.76,69.01,71,26,4.61,scattered clouds
317,Noyabrsk,RU,63.2,75.45,33.31,97,98,11.45,overcast clouds
318,Ribeira Grande,PT,38.52,-28.7,66.2,55,40,10.29,scattered clouds
319,Cabo San Lucas,MX,22.89,-109.91,75.2,78,5,3.36,clear sky
320,Brookhaven,US,31.58,-90.44,68.0,87,0,5.79,clear sky
321,Ostrovnoy,RU,68.05,39.51,36.5,88,92,4.9,overcast clouds
322,Jiaozuo,CN,35.24,113.23,57.56,33,0,6.33,clear sky
323,Atar,MR,20.52,-13.05,100.4,29,94,9.17,overcast clouds
324,Lata,PT,40.16,-8.33,62.01,89,100,1.01,light rain
325,Paramonga,PE,-10.67,-77.83,68.27,64,43,9.95,scattered clouds
326,Port Hawkesbury,CA,45.62,-61.35,61.0,77,75,11.41,broken clouds
327,Lompoc,US,34.64,-120.46,59.0,82,90,10.29,overcast clouds
328,Tual,ID,-5.67,132.75,82.4,79,28,10.96,scattered clouds
329,Xiongyue,CN,40.18,122.12,52.72,59,0,7.63,clear sky
330,Ancud,CL,-41.87,-73.82,55.4,58,40,10.29,scattered clouds
331,Labuhan,ID,-6.88,112.21,80.56,82,84,9.53,broken clouds
332,Karpogory,RU,64.0,44.45,36.72,89,100,5.48,overcast clouds
333,Abu Samrah,SY,35.3,37.18,63.5,59,1,3.15,clear sky
334,Turukhansk,RU,65.82,87.98,9.09,89,100,12.97,overcast clouds
335,Dinar,TR,38.06,30.17,57.2,50,40,11.41,scattered clouds
336,Qinggang,CN,46.68,126.08,32.54,86,99,9.4,overcast clouds
337,Rio Grande,BR,-32.03,-52.1,71.01,83,75,21.92,broken clouds
338,Alihe,CN,50.57,123.72,22.1,96,46,2.15,scattered clouds
339,San Policarpo,PH,12.18,125.51,81.79,85,100,11.27,overcast clouds
340,Margate,GB,51.38,1.39,53.01,59,44,4.0,scattered clouds
341,Benghazi,LY,32.12,20.07,70.41,66,43,15.52,scattered clouds
342,Kijang,KR,35.24,129.21,59.0,58,75,3.36,broken clouds
343,Lokosovo,RU,61.13,74.82,34.39,97,100,8.55,overcast clouds
344,Kahta,TR,37.79,38.62,53.6,100,75,5.82,broken clouds
345,Douentza,ML,15.0,-2.95,99.16,11,4,12.95,clear sky
346,Kushima,JP,31.46,131.23,68.83,94,100,7.36,overcast clouds
347,Puerto Leguizamo,CO,-0.19,-74.78,93.09,49,81,2.84,broken clouds
348,Athabasca,CA,54.72,-113.29,23.0,79,69,6.93,broken clouds
349,Tomatlan,MX,19.93,-105.25,83.46,47,0,2.28,clear sky
350,Vanavara,RU,60.34,102.28,-4.34,90,1,3.65,clear sky
351,Fez,MA,34.04,-5.0,73.4,49,40,8.05,scattered clouds
352,Kruisfontein,ZA,-34.0,24.73,59.0,92,100,5.01,light rain
353,Comodoro Rivadavia,AR,-45.87,-67.5,57.2,58,40,5.82,scattered clouds
354,Yuci,CN,37.68,112.73,44.6,30,0,4.47,clear sky
355,Nemuro,JP,43.32,145.57,55.85,74,100,22.01,overcast clouds
356,Mehran,IR,33.12,46.16,64.4,31,75,6.93,broken clouds
357,Bjornevatn,NO,69.67,29.98,33.8,95,75,17.22,broken clouds
358,La Libertad,EC,-2.23,-80.9,73.4,78,75,10.29,broken clouds
359,Mayumba,GA,-3.43,10.66,79.54,86,97,7.14,overcast clouds
360,Vammala,FI,61.33,22.9,50.0,81,0,9.17,clear sky
361,Rovnoye,RU,50.78,46.05,42.21,100,99,12.91,overcast clouds
362,Shitanjing,CN,39.23,106.34,41.72,53,4,30.6,clear sky
363,Chapais,CA,49.78,-74.85,33.8,100,90,5.82,fog
364,Mitsamiouli,KM,-11.38,43.28,79.93,72,25,5.88,scattered clouds
365,Kakonko,TZ,-3.28,30.96,69.55,82,66,4.74,broken clouds
366,Road Town,VG,18.42,-64.62,86.0,66,40,10.29,scattered clouds
367,Myra,IT,45.44,12.13,64.4,48,0,1.12,clear sky
368,Sibiti,CG,-3.68,13.35,77.95,78,27,3.62,scattered clouds
369,Tuy Hoa,VN,13.08,109.3,76.26,90,58,3.8,light rain
370,Sarangani,PH,5.4,125.46,83.21,72,100,2.21,light rain
371,Fallon,US,39.47,-118.78,51.8,25,75,6.69,broken clouds
372,Chingirlau,KZ,51.09,54.08,46.87,54,100,11.01,overcast clouds
373,Porto Velho,BR,-8.76,-63.9,86.0,74,40,3.36,scattered clouds
374,Manggar,ID,-2.88,108.27,80.78,82,100,3.98,overcast clouds
375,Mogadishu,SO,2.04,45.34,80.96,78,91,10.38,overcast clouds
376,Taganak,PH,6.08,118.3,80.6,88,20,2.24,few clouds
377,Matay,EG,28.42,30.78,73.36,44,92,8.48,overcast clouds
378,Northam,GB,51.03,-4.22,55.99,83,0,3.0,clear sky
379,Prince Rupert,CA,54.32,-130.32,39.2,64,90,5.82,overcast clouds
380,Vardo,NO,70.37,31.11,35.6,93,75,19.46,broken clouds
381,Jos,NG,9.92,8.9,79.03,28,21,5.75,few clouds
382,Grand Gaube,MU,-20.01,57.66,73.99,67,14,7.0,few clouds
383,Andros Town,BS,24.7,-77.77,82.4,69,75,13.87,broken clouds
384,Chagoda,RU,59.16,35.33,41.38,73,93,11.86,overcast clouds
385,Renqiu,CN,38.7,116.09,52.75,36,0,7.02,clear sky
386,Taltal,CL,-25.4,-70.48,65.17,61,40,6.51,scattered clouds
387,Zheleznodorozhnyy,RU,55.75,38.0,71.2,65,40,15.66,scattered clouds
388,Charlestown,AU,-32.95,151.67,57.99,90,52,4.07,broken clouds
389,Danshui,CN,22.8,114.47,78.01,68,86,8.08,light rain
390,Forst,DE,51.73,14.63,46.99,90,27,1.01,scattered clouds
391,Karlskoga,SE,59.33,14.52,55.4,82,19,9.17,few clouds
392,Caravelas,BR,-17.71,-39.25,80.69,77,81,11.12,broken clouds
393,Canoinhas,BR,-26.18,-50.39,80.26,19,0,3.53,clear sky
394,Kattivakkam,IN,13.22,80.32,80.6,88,20,3.36,few clouds
395,Krasnoselkup,RU,65.7,82.47,18.01,97,100,18.23,light snow
396,Paamiut,GL,61.99,-49.67,34.66,84,100,26.69,overcast clouds
397,Wilmington,US,34.23,-77.94,71.01,77,90,8.05,overcast clouds
398,Kontagora,NG,10.4,5.47,93.27,22,99,4.63,overcast clouds
399,Warrnambool,AU,-38.38,142.48,46.99,91,50,12.03,scattered clouds
400,Likasi,CD,-10.98,26.73,78.1,32,73,1.86,broken clouds
401,Galle,LK,6.04,80.22,79.54,83,100,4.03,light rain
402,Uruzgan,AF,32.83,66.0,41.85,64,0,1.16,clear sky
403,Dunhua,CN,43.37,128.24,39.7,82,0,8.59,clear sky
404,Qaqortoq,GL,60.72,-46.03,24.8,53,75,24.16,light snow
405,Chokurdakh,RU,70.63,147.92,-3.71,92,17,6.2,few clouds
406,Beyla,GN,8.68,-8.63,87.22,45,57,7.0,broken clouds
407,Bambous Virieux,MU,-20.34,57.76,73.99,73,75,9.17,broken clouds
408,Berlevag,NO,70.86,29.09,33.8,86,75,12.75,broken clouds
409,Yanam,IN,16.73,82.22,82.4,78,40,9.17,mist
410,Mabaruma,GY,8.2,-59.78,83.41,85,69,2.82,moderate rain
411,Kariba,ZW,-16.52,28.8,90.01,29,3,0.78,clear sky
412,Adrar,MR,20.5,-10.07,94.62,15,31,4.99,scattered clouds
413,Norman Wells,CA,65.28,-126.83,-0.4,84,75,4.7,broken clouds
414,Goundam,ML,16.41,-3.67,99.07,11,0,15.28,clear sky
415,Simao,CN,22.79,100.97,59.77,92,4,2.57,clear sky
416,Lahaina,US,20.88,-156.68,78.8,61,1,3.36,clear sky
417,Masallatah,LY,32.62,14.0,67.98,68,51,9.93,broken clouds
418,Wanning,CN,18.8,110.4,71.76,88,87,6.22,overcast clouds
419,Savannah Bight,HN,16.45,-85.85,82.22,79,100,23.49,overcast clouds
420,Necochea,AR,-38.55,-58.74,68.16,68,9,11.48,clear sky
421,Kieta,PG,-6.22,155.63,78.91,78,100,3.0,light rain
422,Contamana,PE,-7.33,-75.02,103.12,32,100,1.41,overcast clouds
423,Merauke,ID,-8.47,140.33,78.62,78,58,10.56,broken clouds
424,Muslyumovo,RU,55.3,53.19,39.52,87,100,8.41,overcast clouds
425,Pundaguitan,PH,6.37,126.17,82.8,73,100,5.32,overcast clouds
426,Xique-Xique,BR,-10.82,-42.73,86.85,54,60,8.79,light rain
427,Latung,PH,5.5,120.88,82.83,78,96,8.37,light rain
428,Malartic,CA,48.13,-78.13,42.01,100,90,11.41,mist
429,Ballina,AU,-28.87,153.57,66.2,63,40,9.17,scattered clouds
430,Oskarshamn,SE,57.26,16.45,53.01,85,0,5.01,clear sky
431,Mikhaylovka,RU,50.06,43.24,45.0,84,79,7.0,broken clouds
432,Norsup,VU,-16.07,167.38,79.86,82,100,6.8,light rain
433,Zhangye,CN,38.93,100.45,37.27,59,19,1.5,few clouds
434,Zaraysk,RU,54.77,38.88,42.01,88,94,6.29,overcast clouds
435,Sierra Vista,US,31.55,-110.3,70.0,20,90,14.99,overcast clouds
436,Agua Dulce,MX,18.13,-94.13,77.0,78,75,28.86,broken clouds
437,Petropavlovsk-Kamchatskiy,RU,53.05,158.65,26.6,100,44,2.24,scattered clouds
438,Salym,RU,60.06,71.48,34.36,93,100,7.38,overcast clouds
439,Usinsk,RU,65.99,57.53,34.03,97,100,9.33,overcast clouds
440,Knysna,ZA,-34.04,23.05,57.2,87,75,6.93,broken clouds
441,Fatwa,IN,25.52,85.32,62.6,77,0,3.04,haze
442,Birobidzhan,RU,48.8,132.95,26.06,98,99,0.43,overcast clouds
443,Camacupa,AO,-12.02,17.48,80.37,49,47,3.27,scattered clouds
444,Tezu,IN,27.92,96.17,67.15,47,0,4.16,clear sky
445,Hutchinson,US,38.06,-97.93,57.99,87,1,8.05,clear sky
446,Lalibela,ET,12.03,39.03,63.66,47,18,8.77,few clouds
447,Longyearbyen,SJ,78.22,15.64,35.6,80,40,13.87,scattered clouds
448,Grand-Santi,GF,4.25,-54.38,95.27,40,14,2.8,few clouds
449,Gayeri,BF,12.65,0.49,97.48,15,79,13.76,broken clouds
450,Itaituba,BR,-4.28,-55.98,82.4,74,75,0.63,broken clouds
451,Bakel,SN,14.9,-12.46,99.95,22,13,6.38,few clouds
452,San Cristobal,VE,7.77,-72.22,84.2,62,40,11.41,scattered clouds
453,Washougal,US,45.58,-122.35,50.0,93,90,0.36,moderate rain
454,Broome,US,42.25,-75.83,63.0,59,0,3.0,clear sky
455,Goshogawara,JP,40.8,140.44,59.0,83,82,3.0,broken clouds
456,Dubbo,AU,-32.25,148.62,51.8,87,0,3.36,clear sky
457,Paso De Los Toros,UY,-32.82,-56.52,75.2,53,75,11.41,broken clouds
458,Emerald,AU,-23.53,148.17,73.4,33,0,9.17,clear sky
459,Sabang,ID,5.89,95.32,82.06,76,100,6.38,moderate rain
460,Victoria Point,AU,-27.58,153.3,68.0,61,50,4.0,scattered clouds
461,Ponta Delgada,PT,37.73,-25.67,66.2,55,20,11.41,few clouds
462,Pitimbu,BR,-7.47,-34.81,87.8,62,75,13.87,broken clouds
463,Sitka,US,57.05,-135.33,33.8,69,90,6.93,overcast clouds
464,Ust-Ordynskiy,RU,52.8,104.75,21.2,67,40,15.66,scattered clouds
465,Rosario Oeste,BR,-14.84,-56.43,100.83,23,98,4.29,overcast clouds
466,Ocos,GT,14.51,-92.19,78.8,94,75,2.24,broken clouds
467,Bonaventure,CA,48.05,-65.49,39.2,100,100,5.82,overcast clouds
468,Tshikapa,CD,-6.42,20.8,76.21,83,77,3.96,broken clouds
469,Ixtapa,MX,20.7,-105.2,81.0,69,5,4.7,clear sky
470,Upata,VE,8.01,-62.4,86.0,74,56,1.01,broken clouds
471,Marana,US,32.44,-111.23,82.4,12,1,18.34,clear sky
472,Tortoli,IT,39.93,9.66,66.2,77,40,17.22,scattered clouds
473,Bandarbeyla,SO,9.49,50.81,76.33,66,29,12.03,scattered clouds
474,Griffith,US,41.53,-87.42,62.01,67,1,5.82,clear sky
475,Rancho Palos Verdes,US,33.74,-118.39,66.0,98,1,5.61,clear sky
476,Husavik,IS,66.04,-17.34,39.2,55,75,17.22,shower rain
477,Itamaraju,BR,-17.04,-39.53,81.57,79,100,4.03,overcast clouds
478,Zwedru,LR,6.07,-8.13,82.45,82,88,2.91,moderate rain
479,Mosquera,CO,4.71,-74.23,60.8,63,75,3.36,haze
480,Medina Del Campo,ES,41.31,-4.91,62.01,77,75,9.17,broken clouds
481,Dingle,PH,11.0,122.67,76.37,90,87,6.22,light rain
482,Xichang,CN,27.9,102.26,56.5,70,78,2.13,broken clouds
483,Muros,ES,42.78,-9.06,57.99,92,100,2.44,overcast clouds
484,Santa Cruz,BO,-17.8,-63.17,96.8,28,0,2.24,smoke
485,Ofaqim,IL,31.31,34.62,69.01,65,30,7.7,scattered clouds
486,Sibolga,ID,1.74,98.78,78.12,77,79,3.0,broken clouds
487,Tonj,SS,7.27,28.68,79.05,68,98,6.69,overcast clouds
488,Asau,RO,46.43,26.4,43.0,89,5,2.51,clear sky
489,Daugavpils,LV,55.88,26.53,47.71,86,4,8.46,clear sky
490,Semey,KZ,50.41,80.23,33.8,74,0,6.71,clear sky
491,Port Shepstone,ZA,-30.74,30.45,72.21,79,46,7.07,scattered clouds
492,Halifax,CA,44.65,-63.57,59.0,87,90,13.87,overcast clouds
493,Paracuru,BR,-3.41,-39.03,82.99,72,28,21.0,scattered clouds
494,Khatra,IN,22.98,86.85,69.51,50,0,1.59,clear sky
495,Olinda,BR,-8.01,-34.86,86.0,66,75,13.87,broken clouds
496,Clyde River,CA,70.47,-68.59,1.4,77,75,20.8,broken clouds
497,Mana,GF,5.66,-53.78,85.59,66,8,7.94,clear sky
498,Lorengau,PG,-2.02,147.27,80.94,77,27,5.3,light rain
499,Port Hardy,CA,50.7,-127.42,42.8,93,20,10.29,few clouds
500,Ca Mau,VN,9.18,105.15,76.19,91,53,1.9,broken clouds
501,Hanover,DE,52.37,9.73,54.0,81,0,3.36,clear sky
502,Pimenta Bueno,BR,-11.67,-61.19,104.99,23,64,2.3,broken clouds
503,Atasu,KZ,48.68,71.64,41.41,51,0,7.34,clear sky
504,Haverhill,US,42.78,-71.08,66.99,59,1,9.17,clear sky
505,Gushikawa,JP,26.35,127.87,78.8,94,1,4.7,clear sky
506,Luebo,CD,-5.35,21.42,73.71,81,100,1.3,overcast clouds
507,Mafinga,TZ,-7.25,35.07,83.3,32,1,13.02,clear sky
508,Dolgorukovo,RU,52.32,38.35,45.7,80,99,18.12,overcast clouds
509,Kholodnyy,RU,62.72,147.95,-0.51,89,100,5.61,overcast clouds
510,Naze,JP,28.37,129.48,77.0,100,20,6.93,few clouds
511,Thinadhoo,MV,0.53,72.93,84.13,65,63,3.29,broken clouds
512,Winslow,US,35.02,-110.7,46.4,42,1,9.17,clear sky
513,Otsuchi,JP,39.37,141.9,52.52,66,5,4.68,clear sky
514,Calabozo,VE,8.92,-67.43,83.61,77,12,5.99,few clouds
515,Majene,ID,-3.54,118.97,78.58,80,96,3.94,overcast clouds
516,Xiamen,CN,24.48,118.08,80.6,61,75,2.24,broken clouds
517,Komsomolskiy,UZ,40.43,71.72,48.2,39,0,6.93,mist
518,Laguna,US,38.42,-121.42,57.99,44,40,9.17,scattered clouds
519,Strezhevoy,RU,60.73,77.59,32.0,97,90,8.95,overcast clouds
520,Ankang,CN,32.68,109.02,56.88,62,0,0.94,clear sky
521,Sechura,PE,-5.56,-80.82,71.89,56,52,6.8,broken clouds
522,Delvada,IN,20.77,71.03,78.39,45,0,5.68,clear sky
523,Rochester,US,43.15,-77.62,66.0,52,8,13.89,clear sky
524,Pemberton,CA,50.32,-122.8,28.4,100,5,4.0,clear sky
525,Dondaicha,IN,21.33,74.57,77.74,28,0,6.69,clear sky
526,Yar-Sale,RU,66.83,70.83,25.54,98,96,4.18,overcast clouds
527,Shieli,KZ,44.17,66.75,45.52,45,41,5.03,scattered clouds
528,Guerrero Negro,MX,27.98,-114.06,75.38,53,62,6.71,broken clouds
529,Teknaf,BD,20.86,92.31,72.25,75,0,9.57,clear sky
530,Bengkulu,ID,-3.8,102.27,76.57,85,99,4.03,overcast clouds
531,Kenora,CA,49.82,-94.43,41.0,80,75,8.05,broken clouds
532,Santa Rosa,PH,14.31,121.11,82.4,78,40,4.7,scattered clouds
533,Sao Filipe,CV,14.9,-24.5,77.79,78,68,6.38,broken clouds
534,Male,MV,4.17,73.51,84.2,83,75,5.82,broken clouds
535,Novobirilyussy,RU,56.95,90.67,25.36,98,98,5.75,overcast clouds
536,Eyl,SO,7.98,49.82,78.24,67,38,13.53,scattered clouds
537,Puerto Baquerizo Moreno,EC,-0.9,-89.6,71.6,78,75,8.05,broken clouds
538,Vallenar,CL,-28.57,-70.76,81.95,20,0,8.03,clear sky
539,Hede,CN,33.77,120.25,59.13,48,0,5.3,clear sky
540,Amga,RU,60.9,131.96,0.36,92,100,1.39,overcast clouds
541,Kangalassy,RU,62.35,129.96,1.13,84,0,4.47,clear sky
542,Beloha,MG,-25.17,45.05,70.63,81,34,5.75,scattered clouds
543,Kresttsy,RU,58.25,32.52,40.48,80,15,6.67,few clouds
544,Havelock,US,34.88,-76.9,72.0,84,100,1.01,overcast clouds
545,Nabire,ID,-3.37,135.48,76.87,87,100,3.74,overcast clouds
546,Saldanha,ZA,-33.01,17.94,62.6,88,100,14.99,overcast clouds
547,Katobu,ID,-4.94,122.53,75.36,84,26,1.66,scattered clouds
548,Bulgan,MN,48.81,103.53,26.44,79,0,7.85,clear sky
549,Fare,PF,-16.7,-151.02,80.29,77,7,19.17,light rain
550,Ocean City,US,39.28,-74.57,62.6,82,1,4.94,clear sky
551,Erzin,TR,36.96,36.2,72.0,59,7,1.99,clear sky
552,Hella,NO,67.2,14.43,48.2,76,75,32.21,broken clouds
553,Little Current,CA,45.98,-81.92,54.0,87,100,8.05,overcast clouds
554,Itanagar,IN,27.1,93.62,65.01,69,0,4.05,clear sky
555,Caborca,MX,30.58,-111.1,81.84,17,80,4.0,broken clouds
556,Qandala,SO,11.47,49.87,78.28,59,27,6.53,scattered clouds
557,Camacha,PT,33.08,-16.33,66.2,63,75,21.92,broken clouds
558,Santa Isabel Do Rio Negro,BR,-0.41,-65.02,95.4,51,50,0.56,light rain
559,Russell,US,32.35,-85.2,69.01,72,1,3.36,clear sky
560,Touros,BR,-5.2,-35.46,87.8,58,40,13.87,scattered clouds
561,Cap-Aux-Meules,CA,47.38,-61.86,53.6,87,100,19.46,overcast clouds
562,Bonavista,CA,48.65,-53.11,51.01,93,100,12.75,overcast clouds
563,Koumac,NC,-20.57,164.28,74.88,81,0,7.29,clear sky
564,Srivardhan,IN,18.03,73.02,77.76,63,0,6.91,clear sky
565,Corrales,US,35.24,-106.61,57.99,39,1,6.93,clear sky
566,Teyateyaneng,LS,-29.15,27.75,75.2,31,75,16.11,broken clouds
567,Alekseyevka,RU,50.63,38.69,45.41,74,96,15.41,overcast clouds
568,Leh,IN,34.17,77.58,29.93,67,5,5.53,clear sky
569,Urdoma,RU,61.75,48.54,36.18,92,99,3.85,overcast clouds
570,Kemijarvi,FI,66.71,27.43,40.17,76,83,15.5,broken clouds
571,Calama,CL,-22.47,-68.93,73.4,9,0,13.87,clear sky
572,Santa Barbara,US,34.73,-120.03,57.2,87,90,1.12,overcast clouds
573,Hays,US,30.05,-98.03,69.01,85,4,1.01,clear sky
574,Flin Flon,CA,54.77,-101.86,10.4,85,90,4.7,light snow
575,Richards Bay,ZA,-28.78,32.04,76.64,73,12,3.71,few clouds
576,Palmares Do Sul,BR,-30.26,-50.51,73.96,62,4,15.3,clear sky
577,Paraopeba,BR,-19.28,-44.4,82.4,54,75,6.93,broken clouds
578,Diapaga,BF,12.07,1.79,96.91,16,0,9.62,clear sky
579,Iralaya,HN,15.0,-83.23,78.91,87,100,14.27,moderate rain
580,De-Kastri,RU,51.47,140.78,25.14,84,0,3.33,clear sky
581,Yeppoon,AU,-23.13,150.73,73.4,69,75,6.93,broken clouds
582,Babino,RU,56.23,43.62,39.2,93,90,8.95,overcast clouds
583,Turayf,SA,31.67,38.66,66.2,55,40,5.82,scattered clouds
584,Kargasok,RU,59.06,80.86,34.32,94,100,9.84,overcast clouds
585,Abnub,EG,27.27,31.15,75.2,41,0,13.87,clear sky
586,Kempsey,AU,-31.08,152.83,55.0,86,41,1.99,scattered clouds
587,Puerto Quijarro,BO,-17.78,-57.77,114.12,9,0,1.77,clear sky
588,Atbasar,KZ,51.8,68.33,41.74,61,99,8.39,overcast clouds
589,Tikhvin,RU,59.65,33.53,39.58,82,71,7.58,broken clouds
590,Mandan,US,46.83,-100.89,51.01,75,1,1.86,clear sky
591,Alugan,PH,12.22,125.48,81.23,86,100,10.58,moderate rain
592,Alenquer,BR,-1.94,-54.74,84.2,79,75,10.29,broken clouds
593,Mizan Teferi,ET,6.98,35.58,64.63,90,100,1.5,light rain
594,Marawi,PH,8.0,124.29,78.01,91,100,4.0,moderate rain
595,Tambopata,PE,-12.73,-69.18,93.2,59,0,4.7,clear sky
596,Westport,US,41.14,-73.36,64.99,68,83,9.42,broken clouds
597,Nome,US,64.5,-165.41,39.99,80,90,28.86,mist
598,Muzhi,RU,65.37,64.67,31.66,98,100,4.68,overcast clouds
599,Port Blair,IN,11.67,92.75,81.77,79,0,9.19,light rain
600,Puerto Escondido,MX,15.85,-97.07,78.8,78,75,8.05,broken clouds
601,Bay City,US,43.59,-83.89,60.01,62,1,12.75,clear sky
602,Aguimes,ES,27.91,-15.45,78.8,54,40,6.93,scattered clouds
603,Machiques,VE,10.06,-72.55,84.54,71,76,3.47,moderate rain
604,Itupeva,BR,-23.15,-47.06,78.8,34,0,5.82,clear sky
605,Aklavik,CA,68.22,-135.01,15.8,92,90,5.82,light snow
606,Yarmouth,US,41.71,-70.23,64.0,87,20,13.87,few clouds
607,Waitara,NZ,-38.92,174.25,59.0,95,85,8.01,overcast clouds
608,Zhicheng,CN,30.3,111.5,60.01,78,39,4.25,light rain
609,Tabou,CI,4.42,-7.35,79.41,88,53,10.2,light rain
610,Barra Patuca,HN,15.8,-84.28,81.95,80,99,11.59,overcast clouds
611,Brzeg,PL,50.86,17.47,48.2,87,75,5.82,broken clouds
612,Panaba,MX,21.28,-88.27,81.07,81,97,17.67,light rain
613,Bahia De Caraquez,EC,-0.6,-80.42,77.0,73,75,6.93,broken clouds
614,Tornio,FI,65.85,24.15,44.6,75,0,11.41,clear sky
615,Mocorito,MX,25.48,-107.92,83.82,24,0,2.66,clear sky
616,Sevlievo,BG,43.03,25.11,52.0,79,18,0.29,few clouds
617,Tete,MZ,-16.16,33.59,107.6,14,20,10.29,few clouds
618,Saint-Augustin,CA,51.23,-58.65,44.4,66,58,6.89,broken clouds
619,Yerbogachen,RU,61.28,108.01,-6.99,90,62,5.48,broken clouds
620,Biak,ID,-0.91,122.88,78.55,80,4,3.94,light rain
621,George,ZA,-33.96,22.46,57.2,87,75,6.93,broken clouds
622,Changji,CN,44.02,87.32,39.2,44,0,2.24,clear sky
623,Mineral Wells,US,32.81,-98.11,64.99,87,1,10.29,clear sky
624,Deputatskiy,RU,69.3,139.9,-7.78,93,94,1.07,overcast clouds
625,Mount Pleasant,US,32.79,-79.86,75.99,78,20,11.41,few clouds
626,Kutum,SD,14.2,24.67,76.05,19,4,13.82,clear sky
627,Pilar,BR,-9.6,-35.96,87.8,62,40,13.87,scattered clouds
628,Sambava,MG,-14.27,50.17,76.03,83,9,11.79,clear sky
629,Coihueco,CL,-36.62,-71.83,64.4,55,0,6.93,clear sky
630,Gogrial,SS,8.53,28.1,86.02,34,55,4.29,broken clouds
631,Kamloops,CA,50.67,-120.32,28.4,86,20,4.7,few clouds
632,Winnemucca,US,40.97,-117.74,53.6,22,1,10.29,clear sky
633,Orlik,RU,52.52,99.83,9.32,86,65,3.33,broken clouds
634,Thongwa,MM,16.76,96.53,82.4,83,20,6.93,few clouds
635,Lieksa,FI,63.32,30.02,43.09,81,100,16.62,overcast clouds
636,Datong,CN,40.09,113.29,39.6,58,0,8.08,clear sky
637,Micheweni,TZ,-4.97,39.83,79.05,76,10,7.25,clear sky
638,Kupang,ID,-10.17,123.58,81.14,74,0,8.34,clear sky
639,Mersin,TR,36.86,34.65,73.4,53,75,4.7,broken clouds
640,Venice,US,27.1,-82.45,82.0,65,1,14.99,clear sky
641,Henties Bay,NA,-22.12,14.28,62.01,87,6,5.99,clear sky
642,Pochutla,MX,15.74,-96.47,84.0,74,90,1.92,overcast clouds
643,Polyarnyy,RU,69.2,33.45,35.6,93,75,4.47,broken clouds
644,Nantucket,US,41.28,-70.1,62.01,87,90,11.41,overcast clouds
645,Linxia,CN,35.6,103.21,39.42,66,85,1.81,overcast clouds
646,Nyurba,RU,63.28,118.33,-2.88,88,100,4.41,overcast clouds
647,Booue,GA,-0.09,11.94,83.98,72,74,2.19,broken clouds
648,Dana Point,US,33.47,-117.7,66.0,89,34,3.0,scattered clouds
649,Grojdibodu,RO,43.75,24.27,59.0,58,40,4.7,scattered clouds
650,Karasjok,NO,69.47,25.51,41.0,75,75,33.33,broken clouds
651,Kuala Terengganu,MY,5.33,103.14,77.0,94,40,4.7,scattered clouds
652,Matara,LK,5.95,80.54,78.84,87,100,8.01,light rain
653,Tutoia,BR,-2.76,-42.27,87.8,62,40,19.46,scattered clouds
654,Pustoshka,RU,56.34,29.37,45.25,78,0,8.97,clear sky
655,Dalvik,IS,65.97,-18.53,39.2,55,75,17.22,shower rain
656,Conceicao Do Araguaia,BR,-8.26,-49.26,81.36,81,100,6.73,moderate rain
657,Senanga,ZM,-16.12,23.27,90.9,26,68,5.06,broken clouds
658,Sorong,ID,-0.88,131.25,79.59,83,88,9.42,overcast clouds
659,Conceicao Da Barra,BR,-18.59,-39.73,80.87,72,73,6.89,light rain
660,Kavaratti,IN,10.57,72.64,83.84,72,23,5.08,few clouds
661,Takoradi,GH,4.88,-1.76,83.25,73,32,8.12,light rain
662,Bistra,RO,46.38,23.1,54.0,71,75,6.93,broken clouds
663,Agdam,AZ,39.99,46.93,61.21,82,100,5.41,overcast clouds
664,Rosiesti,RO,46.43,27.88,48.38,52,15,7.63,few clouds
665,Jharsuguda,IN,21.85,84.03,68.05,45,0,1.05,clear sky
666,Havre-Saint-Pierre,CA,50.23,-63.6,35.6,100,90,6.93,mist
667,Elizabeth City,US,36.29,-76.25,71.01,88,90,4.7,overcast clouds
668,Cayenne,GF,4.93,-52.33,86.0,74,75,9.17,broken clouds
669,Cap Malheureux,MU,-19.98,57.61,73.99,67,9,7.0,clear sky
670,Mbandaka,CD,0.05,18.26,75.85,91,96,3.42,light rain
671,Thayetmyo,MM,19.32,95.18,75.27,86,0,3.85,clear sky
672,Iquique,CL,-20.22,-70.14,64.4,63,20,13.87,few clouds
673,Qingdao,CN,36.1,120.37,57.0,93,0,2.24,mist
674,Sampit,ID,-2.53,112.95,74.79,88,93,2.37,overcast clouds
675,Raga,SS,8.46,25.68,82.51,36,69,2.57,broken clouds
676,Karatuzskoye,RU,53.61,92.87,32.34,98,97,4.88,overcast clouds
677,Hammerfest,NO,70.66,23.68,41.0,80,75,39.15,light rain
678,Dunmore Town,BS,25.5,-76.65,80.49,74,100,20.51,overcast clouds
679,Okha,RU,53.57,142.95,28.83,92,96,13.35,overcast clouds
680,Mosta,MT,35.91,14.43,69.01,77,20,6.93,few clouds
681,Gamba,GA,-2.65,10.0,79.21,84,48,9.82,scattered clouds
682,Praia Da Vitoria,PT,38.73,-27.07,64.4,100,40,17.22,scattered clouds
683,Najran,SA,17.49,44.13,78.8,19,20,9.17,few clouds
684,Aran,AZ,40.63,46.98,60.8,100,90,2.24,light rain
685,Maine-Soroa,NE,13.21,12.02,87.46,13,0,12.41,clear sky
686,Atherton,GB,53.52,-2.49,53.01,62,68,7.0,broken clouds
687,Kulachi,PK,31.93,70.46,68.07,23,0,4.83,clear sky
688,Mareeba,AU,-17.0,145.43,73.4,88,5,2.24,clear sky
689,Sao Joao Da Barra,BR,-21.64,-41.05,75.2,69,75,11.41,broken clouds
690,Nizhniy Kuranakh,RU,58.84,125.49,9.64,93,97,0.27,overcast clouds
